algorithms|ALGORITHM_LIBRARY.js|ALGORITHM_LIBRARY|2213|75824|/**
algorithms|COMPLETE_TOOLPATH_ALGORITHM_LIBRARY.js|COMPLETE_TOOLPATH_ALGORITHM_LIBRARY|2213|75866|/**
algorithms|PRISM_ACO_SEQUENCER.js|PRISM_ACO_SEQUENCER|5383|201570|/**
algorithms|PRISM_ADVANCED_INTERPOLATION.js|PRISM_ADVANCED_INTERPOLATION|176|6883|/**
algorithms|PRISM_ALGORITHM_ENSEMBLER.js|PRISM_ALGORITHM_ENSEMBLER|182|6536|/**
algorithms|PRISM_ALGORITHM_ORCHESTRATOR.js|PRISM_ALGORITHM_ORCHESTRATOR|225|9464|/**
algorithms|PRISM_ALGORITHM_REGISTRY.js|PRISM_ALGORITHM_REGISTRY|3567|154414|/**
algorithms|PRISM_ALGORITHM_STRATEGIES.js|PRISM_ALGORITHM_STRATEGIES|257|10552|/**
algorithms|PRISM_BEZIER_MIT.js|PRISM_BEZIER_MIT|111|3466|/**
algorithms|PRISM_CONTROL_SYSTEMS_MIT.js|PRISM_CONTROL_SYSTEMS_MIT|117|3976|/**
algorithms|PRISM_CORE_ALGORITHMS.js|PRISM_CORE_ALGORITHMS|616|21100|/**
algorithms|PRISM_CRITICAL_ALGORITHM_INTEGRATION.js|PRISM_CRITICAL_ALGORITHM_INTEGRATION|188|9309|/**
algorithms|PRISM_DFM_MIT.js|PRISM_DFM_MIT|76|2731|/**
algorithms|PRISM_DIGITAL_CONTROL_MIT.js|PRISM_DIGITAL_CONTROL_MIT|101|3319|/**
algorithms|PRISM_DS_SEARCH.js|PRISM_DS_SEARCH|102|3452|/**
algorithms|PRISM_FFT_PREDICTIVE_CHATTER.js|PRISM_FFT_PREDICTIVE_CHATTER|330|12118|/**
algorithms|PRISM_GRAPH.js|PRISM_GRAPH|285|9443|/**
algorithms|PRISM_GRAPHICS.js|PRISM_GRAPHICS|660|21823|/**
algorithms|PRISM_GRAPHICS_KERNEL_PASS.js|PRISM_GRAPHICS_KERNEL_PASS|171|6329|/**
algorithms|PRISM_GRAPHICS_MIT.js|PRISM_GRAPHICS_MIT|276|10308|/**
algorithms|PRISM_GRAPH_ALGORITHMS.js|PRISM_GRAPH_ALGORITHMS|315|10492|/**
algorithms|PRISM_GRAPH_TOOLPATH.js|PRISM_GRAPH_TOOLPATH|180|6145|/**
algorithms|PRISM_JACOBIAN_ENGINE.js|PRISM_JACOBIAN_ENGINE|238|9180|/**
algorithms|PRISM_JOHNSON_COOK_DATABASE.js|PRISM_JOHNSON_COOK_DATABASE|158|8046|/**
algorithms|PRISM_KDTREE.js|PRISM_KDTREE|112|5762|/**
algorithms|PRISM_KNOWLEDGE_INTEGRATION_TESTS.js|PRISM_KNOWLEDGE_INTEGRATION_TESTS|119|5294|/**
algorithms|PRISM_LINALG_MIT.js|PRISM_LINALG_MIT|155|4634|/**
algorithms|PRISM_LOCAL_SEARCH.js|PRISM_LOCAL_SEARCH|385|13435|/**
algorithms|PRISM_LP_SOLVERS.js|PRISM_LP_SOLVERS|131|4367|/**
algorithms|PRISM_MANUFACTURING_ALGORITHMS.js|PRISM_MANUFACTURING_ALGORITHMS|101|3783|/**
algorithms|PRISM_MANUFACTURING_SEARCH.js|PRISM_MANUFACTURING_SEARCH|141|5557|/**
algorithms|PRISM_MANUFACTURING_SEARCH_ENGINE.js|PRISM_MANUFACTURING_SEARCH_ENGINE|148|5429|/**
algorithms|PRISM_MATH_FOUNDATIONS.js|PRISM_MATH_FOUNDATIONS|1730|68494|/**
algorithms|PRISM_MEMORY_EFFICIENT_SEARCH.js|PRISM_MEMORY_EFFICIENT_SEARCH|160|5321|/**
algorithms|PRISM_NUMERICAL.js|PRISM_NUMERICAL|185|5775|/**
algorithms|PRISM_NUMERICAL_METHODS_MIT.js|PRISM_NUMERICAL_METHODS_MIT|167|5142|/**
algorithms|PRISM_NURBS_MIT.js|PRISM_NURBS_MIT|590|20982|/**
algorithms|PRISM_OCTREE.js|PRISM_OCTREE|111|6116|/**
algorithms|PRISM_ODE_SOLVERS_MIT.js|PRISM_ODE_SOLVERS_MIT|6386|240814|/**
algorithms|PRISM_OPTIMIZATION_ALGORITHMS.js|PRISM_OPTIMIZATION_ALGORITHMS|195|7769|/**
algorithms|PRISM_PHASE3_GRAPH_NEURAL.js|PRISM_PHASE3_GRAPH_NEURAL|424|14219|/**
algorithms|PRISM_PHASE7_KNOWLEDGE.js|PRISM_PHASE7_KNOWLEDGE|2396|108478|/**
algorithms|PRISM_POLICY_GRADIENT_ENGINE.js|PRISM_POLICY_GRADIENT_ENGINE|113|4024|/**
algorithms|PRISM_RL_ALGORITHMS.js|PRISM_RL_ALGORITHMS|358|13604|/**
algorithms|PRISM_SEARCH_ENHANCED.js|PRISM_SEARCH_ENHANCED|1961|80336|/**
algorithms|PRISM_SIGNAL_ALGORITHMS.js|PRISM_SIGNAL_ALGORITHMS|375|10898|/**
algorithms|PRISM_SORTING.js|PRISM_SORTING|122|4076|/**
algorithms|PRISM_SPECTRAL_GRAPH_CAD.js|PRISM_SPECTRAL_GRAPH_CAD|185|6761|/**
algorithms|PRISM_SURFACE_GEOMETRY_MIT.js|PRISM_SURFACE_GEOMETRY_MIT|173|6280|/**
algorithms|PRISM_TAYLOR_ADVANCED.js|PRISM_TAYLOR_ADVANCED|51|2290|/**
algorithms|PRISM_TAYLOR_LOOKUP.js|PRISM_TAYLOR_LOOKUP|45|1723|/**
algorithms|PRISM_TAYLOR_TOOL_LIFE.js|PRISM_TAYLOR_TOOL_LIFE|98|5575|/**
business|PRISM_BUSINESS_AI_SYSTEM.js|PRISM_BUSINESS_AI_SYSTEM|211|8263|// PRISM_BUSINESS_AI_SYSTEM - Lines 770981-771191 (211 lines) - Business AI\n\nconst PRISM_BUSINESS_AI_SYSTEM = {
business|PRISM_COST_DATABASE.js|PRISM_COST_DATABASE|1026|295136|// PRISM_COST_DATABASE - Lines 95639-96664 (1026 lines) - Cost database\n\nconst PRISM_COST_DATABASE = {
business|PRISM_COST_ESTIMATION.js|PRISM_COST_ESTIMATION|213|6575|// PRISM_COST_ESTIMATION - Lines 75412-75624 (213 lines) - Cost estimation\n\nconst PRISM_COST_ESTIMATION = {
business|PRISM_SCHEDULING_ENGINE.js|PRISM_SCHEDULING_ENGINE|175|5944|// PRISM_SCHEDULING_ENGINE - Lines 770444-770618 (175 lines) - Scheduling engine\n\nconst PRISM_SCHEDULING_ENGINE = {
business|PRISM_SHOP_ANALYTICS_ENGINE.js|PRISM_SHOP_ANALYTICS_ENGINE|183|7406|// PRISM_SHOP_ANALYTICS_ENGINE - Lines 770080-770262 (183 lines) - Shop analytics\n\nconst PRISM_SHOP_ANALYTICS_ENGINE =
business|PRISM_SHOP_LEARNING_ENGINE.js|PRISM_SHOP_LEARNING_ENGINE|150|8623|// PRISM_SHOP_LEARNING_ENGINE - Lines 824915-825064 (150 lines) - Shop learning\n\nconst PRISM_SHOP_LEARNING_ENGINE = {
business|PRISM_SHOP_OPTIMIZER.js|PRISM_SHOP_OPTIMIZER|228|11596|// PRISM_SHOP_OPTIMIZER - Lines 825081-825308 (228 lines) - Shop optimizer\n\nconst PRISM_SHOP_OPTIMIZER = {
catalogs|PRISM_CATALOG_FINAL.js|PRISM_CATALOG_FINAL|911|58479|/**
catalogs|PRISM_FINAL_CATALOG_GATEWAY.js|PRISM_FINAL_CATALOG_GATEWAY|424|21883|/**
catalogs|PRISM_MAJOR_MANUFACTURERS_CATALOG.js|PRISM_MAJOR_MANUFACTURERS_CATALOG|1940|74817|/**
catalogs|PRISM_MANUFACTURER_CATALOG_CONSOLIDATED.js|PRISM_MANUFACTURER_CATALOG_CONSOLIDATED|1009|57093|/**
catalogs|PRISM_MANUFACTURER_CATALOG_DB.js|PRISM_MANUFACTURER_CATALOG_DB|178|5974|/**
catalogs|PRISM_ZENI_COMPLETE_CATALOG.js|PRISM_ZENI_COMPLETE_CATALOG|1001|36544|/**
constants|PRISM_CONSTANTS_ENHANCED.js|PRISM_CONSTANTS_ENHANCED|15|911|// ═══════════════════════════════════════
core|PRISM_CAPABILITY_REGISTRY.js|PRISM_CAPABILITY_REGISTRY|194|6586|/**
core|PRISM_CONSTANTS.js|PRISM_CONSTANTS|2461|111848|// ============================================================================
core|PRISM_ENHANCED_MASTER_ORCHESTRATOR.js|PRISM_ENHANCED_MASTER_ORCHESTRATOR|355|21736|// PRISM_ENHANCED_MASTER_ORCHESTRATOR - Lines 529088-529442 (355 lines) - Enhanced master orchestrator\n\nconst PRISM_EN
core|PRISM_ENHANCEMENTS.js|PRISM_ENHANCEMENTS|60|2275|/**
core|PRISM_MASTER.js|PRISM_MASTER|215|8792|/**
core|PRISM_MASTER_DB.js|PRISM_MASTER_DB|131|5105|/**
core|PRISM_MASTER_ORCHESTRATOR.js|PRISM_MASTER_ORCHESTRATOR|696|24665|// PRISM_MASTER_ORCHESTRATOR - Lines 57796-58491 (696 lines) - Master orchestrator\n\nconst PRISM_MASTER_ORCHESTRATOR = 
core|PRISM_MASTER_TOOLPATH_REGISTRY.js|PRISM_MASTER_TOOLPATH_REGISTRY|612|32092|// PRISM_MASTER_TOOLPATH_REGISTRY - Lines 89487-90098 (612 lines) - Master toolpath registry\n\nconst PRISM_MASTER_TOOLP
core|PRISM_PARAM_ENGINE.js|PRISM_PARAM_ENGINE|10|628|/**
core|PRISM_UNIFIED_WORKFLOW.js|PRISM_UNIFIED_WORKFLOW|145|7090|// PRISM_UNIFIED_WORKFLOW - Lines 84757-84901 (145 lines) - Unified workflow\n\nconst PRISM_UNIFIED_WORKFLOW = {
core|PRISM_WORKFLOW_ORCHESTRATOR_V2.js|PRISM_WORKFLOW_ORCHESTRATOR_V2|223|8641|// PRISM_WORKFLOW_ORCHESTRATOR_V2 - Lines 524839-525061 (223 lines) - Workflow orchestrator v2\n\nconst PRISM_WORKFLOW_O
engines|ai_complete|PRISM_ACTIVE_LEARNING_COMPLETE|206|7411|// PRISM_ACTIVE_LEARNING_COMPLETE - Lines 906346-906551 (206 lines) - Active learning complete\n\nconst PRISM_ACTIVE_LEA
engines|ai_complete|PRISM_ATTENTION_COMPLETE|300|13444|// PRISM_ATTENTION_COMPLETE - Lines 903426-903725 (300 lines) - Attention complete\n\nconst PRISM_ATTENTION_COMPLETE = {
engines|ai_complete|PRISM_CLUSTERING_COMPLETE|605|25618|// PRISM_CLUSTERING_COMPLETE - Lines 902115-902719 (605 lines) - Clustering complete\n\nconst PRISM_CLUSTERING_COMPLETE 
engines|ai_complete|PRISM_GNN_COMPLETE|435|18567|// PRISM_GNN_COMPLETE - Lines 904885-905319 (435 lines) - Graph neural network complete\n\nconst PRISM_GNN_COMPLETE = {
engines|ai_complete|PRISM_HYPEROPT_COMPLETE|327|12096|// PRISM_HYPEROPT_COMPLETE - Lines 905794-906120 (327 lines) - Hyperopt complete\n\nconst PRISM_HYPEROPT_COMPLETE = {
engines|ai_complete|PRISM_LR_SCHEDULER_COMPLETE|211|7124|// PRISM_LR_SCHEDULER_COMPLETE - Lines 906128-906338 (211 lines) - LR scheduler complete\n\nconst PRISM_LR_SCHEDULER_COM
engines|ai_complete|PRISM_NORMALIZATION_COMPLETE|64|3344|// PRISM_NORMALIZATION_COMPLETE - Lines 907309-907372 (64 lines) - Normalization complete\n\nconst PRISM_NORMALIZATION_C
engines|ai_complete|PRISM_ONLINE_LEARNING_COMPLETE|460|20094|// PRISM_ONLINE_LEARNING_COMPLETE - Lines 905327-905786 (460 lines) - Online learning complete\n\nconst PRISM_ONLINE_LEA
engines|ai_complete|PRISM_OPTIMIZATION_COMPLETE|199|8071|// PRISM_OPTIMIZATION_COMPLETE - Lines 766109-766307 (199 lines) - Optimization complete\n\nconst PRISM_OPTIMIZATION_COM
engines|ai_complete|PRISM_RL_COMPLETE|719|30524|// PRISM_RL_COMPLETE - Lines 901389-902107 (719 lines) - Reinforcement learning complete\n\nconst PRISM_RL_COMPLETE = {
engines|ai_complete|PRISM_TIME_SERIES_COMPLETE|780|30058|// PRISM_TIME_SERIES_COMPLETE - Lines 904098-904877 (780 lines) - Time series complete\n\nconst PRISM_TIME_SERIES_COMPLE
engines|ai_complete|PRISM_UNCERTAINTY_COMPLETE|222|7353|// PRISM_UNCERTAINTY_COMPLETE - Lines 906559-906780 (222 lines) - Uncertainty complete\n\nconst PRISM_UNCERTAINTY_COMPLE
engines|ai_complete|PRISM_XAI_COMPLETE|392|17362|// PRISM_XAI_COMPLETE - Lines 903027-903418 (392 lines) - Explainable AI complete\n\nconst PRISM_XAI_COMPLETE = {
engines|ai_ml|PRISM_ACTIVATIONS_ENGINE|163|4706|/**
engines|ai_ml|PRISM_ADVANCED_DQN|725|26124|// PRISM_ADVANCED_DQN - Deep Q-Network with Extensions
engines|ai_ml|PRISM_AIRCUT_ELIMINATION_ENGINE|5228|315581|/**
engines|ai_ml|PRISM_AI_100_ENGINE_WRAPPER|15|460|/**
engines|ai_ml|PRISM_AI_100_PHYSICS_GENERATOR|3676|167813|/**
engines|ai_ml|PRISM_AI_AUTO_CAM|560|22311|/**
engines|ai_ml|PRISM_AI_COMPLETE_SYSTEM|376|15487|// PRISM_AI_COMPLETE_SYSTEM - Lines 766464-766839 (376 lines) - AI system integration\n\nconst PRISM_AI_COMPLETE_SYSTEM 
engines|ai_ml|PRISM_AI_INTEGRATED_SYSTEM|382|17147|// PRISM_AI_INTEGRATED_SYSTEM - Lines 768396-768777 (382 lines) - AI integration hub\n\nconst PRISM_AI_INTEGRATED_SYSTEM
engines|ai_ml|PRISM_AI_ORCHESTRATION_ENGINE|605|21683|/**
engines|ai_ml|PRISM_AI_PHYSICS_ENGINE|356|12568|// PRISM_AI_PHYSICS_ENGINE - Lines 766983-767338 (356 lines) - AI physics predictions\n\nconst PRISM_AI_PHYSICS_ENGINE =
engines|ai_ml|PRISM_AI_TRAINING_DATA|200|13164|// PRISM_AI_TRAINING_DATA - Lines 767893-768092 (200 lines) - AI training data\n\nconst PRISM_AI_TRAINING_DATA = {
engines|ai_ml|PRISM_ATTENTION_COMPLETE|8|335|// PRISM_ATTENTION_COMPLETE - Extracted from PRISM v8.89.002
engines|ai_ml|PRISM_ATTENTION_ENGINE|281|9546|/**
engines|ai_ml|PRISM_AUTOENCODER|146|8050|// PRISM_AUTOENCODER - Extracted from PRISM v8.89.002
engines|ai_ml|PRISM_AXIS_BEHAVIOR_LEARNING_ENGINE|367|12833|/**
engines|ai_ml|PRISM_BAYESIAN_LEARNING|282|10381|// PRISM_BAYESIAN_LEARNING - Lines 765825-766106 (282 lines) - Bayesian online learning\n\nconst PRISM_BAYESIAN_LEARNING
engines|ai_ml|PRISM_BAYESIAN_SYSTEM|235|8547|// PRISM_BAYESIAN_SYSTEM - Lines 767655-767889 (235 lines) - Bayesian inference\n\nconst PRISM_BAYESIAN_SYSTEM = {
engines|ai_ml|PRISM_BAYESIAN_TOOL_LIFE|369|13609|// PRISM_BAYESIAN_TOOL_LIFE - Lines 972914-973282 (369 lines) - Bayesian tool life\n\nconst PRISM_BAYESIAN_TOOL_LIFE = {
engines|ai_ml|PRISM_CALCULATOR_CONSTRAINT_ENGINE|215|9198|/**
engines|ai_ml|PRISM_CALCULATOR_LEARNING_ENGINE|281|13227|/**
engines|ai_ml|PRISM_CALCULATOR_RECOMMENDATION_ENGINE|155|9003|/**
engines|ai_ml|PRISM_CAM_LEARNING_ENGINE|332|12141|/**
engines|ai_ml|PRISM_CLUSTERING_ENGINE|471|15657|/**
engines|ai_ml|PRISM_CNN_ENGINE|6|285|// PRISM_CNN_ENGINE - Extracted from PRISM v8.89.002
engines|ai_ml|PRISM_COMPLEX_CAD_LEARNING_ENGINE|326|10281|/**
engines|ai_ml|PRISM_CONTACT_CONSTRAINT_ENGINE|448|14201|/**
engines|ai_ml|PRISM_CONTACT_CONSTRAINT_LEARNING_ENGINE|497|15820|/**
engines|ai_ml|PRISM_CSP_ENHANCED_ENGINE|361|16266|/**
engines|ai_ml|PRISM_DECISION_TREE_ENGINE|3172|125968|/**
engines|ai_ml|PRISM_DEEP_LEARNING|19|720|/**
engines|ai_ml|PRISM_DIFFERENTIAL_EVOLUTION|601|22501|// PRISM_DIFFERENTIAL_EVOLUTION - Differential Evolution Optimizer
engines|ai_ml|PRISM_DL|600|20087|/**
engines|ai_ml|PRISM_DQN_ENGINE|136|5117|/**
engines|ai_ml|PRISM_ENSEMBLE_ENGINE|260|9073|/**
engines|ai_ml|PRISM_FAILSAFE_GENERATOR|170|5045|/**
engines|ai_ml|PRISM_FUSION_SKETCH_CONSTRAINT_ENGINE|386|14970|/**
engines|ai_ml|PRISM_GA_ENGINE|631|24396|// PRISM_GA_ENGINE - Genetic Algorithm Optimizer
engines|ai_ml|PRISM_GRADIENT_BOOSTING|205|10337|// PRISM_GRADIENT_BOOSTING - Extracted from PRISM v8.89.002
engines|ai_ml|PRISM_GRAPH_ALGORITHMS_ENGINE|441|17064|/**
engines|ai_ml|PRISM_INTELLIGENT_DECISION_ENGINE|1612|60140|/**
engines|ai_ml|PRISM_LEAN_SIX_SIGMA_KAIZEN|1471|68196|/**
engines|ai_ml|PRISM_LOSS_FUNCTIONS_ENGINE|145|4450|/**
engines|ai_ml|PRISM_LSTM_ENGINE|69|3241|// PRISM_LSTM_ENGINE - Extracted from PRISM v8.89.002
engines|ai_ml|PRISM_MACHINE_3D_LEARNING_ENGINE|382|20181|/**
engines|ai_ml|PRISM_MESH_REPAIR_ENGINE|567|21821|/**
engines|ai_ml|PRISM_ML|948|37020|// PRISM_ML - Lines 747199-748146 (948 lines) - Core ML framework\n\nconst PRISM_ML = {
engines|ai_ml|PRISM_ML_ALGORITHMS|747|28070|// PRISM_ML_ALGORITHMS - Lines 960843-961589 (747 lines) - ML algorithms\n\nconst PRISM_ML_ALGORITHMS = {
engines|ai_ml|PRISM_ML_FEATURE_RECOGNITION|286|10276|// PRISM_ML_FEATURE_RECOGNITION - Lines 972621-972906 (286 lines) - ML feature recognition\n\nconst PRISM_ML_FEATURE_REC
engines|ai_ml|PRISM_MODEL_COMPRESSION_ENGINE|285|10847|/**
engines|ai_ml|PRISM_MONTE_CARLO_ENGINE|349|12704|/**
engines|ai_ml|PRISM_NEURAL_ENGINE_ENHANCED|331|13938|// PRISM_NEURAL_ENGINE_ENHANCED - Lines 781321-781651 (331 lines) - Enhanced neural network\n\nconst PRISM_NEURAL_ENGINE
engines|ai_ml|PRISM_NEURAL_NETWORK|106|4670|// PRISM_NEURAL_NETWORK - Lines 763096-763201 (106 lines) - Neural network foundation\n\nconst PRISM_NEURAL_NETWORK = {
engines|ai_ml|PRISM_NLP_ENGINE|181|6040|/**
engines|ai_ml|PRISM_OCR_ENGINE|277|8126|/**
engines|ai_ml|PRISM_OPTIMIZERS_ENGINE|314|13650|// PRISM_OPTIMIZERS_ENGINE - Lines 940930-941243 (314 lines) - Optimization engine\n\nconst PRISM_OPTIMIZERS_ENGINE = {
engines|ai_ml|PRISM_OPTIMIZER_ADVANCED|174|9529|// PRISM_OPTIMIZER_ADVANCED - Lines 907378-907551 (174 lines) - Multi-objective optimization\n\nconst PRISM_OPTIMIZER_AD
engines|ai_ml|PRISM_PARAMETRIC_CONSTRAINT_SOLVER|636|20040|/**
engines|ai_ml|PRISM_PHASE3_ADVANCED_RL|838|30059|/**
engines|ai_ml|PRISM_PHASE3_DEEP_LEARNING|659|24564|/**
engines|ai_ml|PRISM_PHASE6_DEEPLEARNING|315|13196|/**
engines|ai_ml|PRISM_PIML_CHATTER_ENGINE|860|30995|/**
engines|ai_ml|PRISM_PROBABILISTIC_REASONING_ENGINE|419|17328|/**
engines|ai_ml|PRISM_PSO_OPTIMIZER|862|34194|// PRISM_PSO_OPTIMIZER - Lines 754042-754903 (862 lines) - Particle Swarm Optimization\n\nconst PRISM_PSO_OPTIMIZER = {
engines|ai_ml|PRISM_REGULARIZATION_ENGINE|12613|519277|/**
engines|ai_ml|PRISM_RL_QLEARNING_ENGINE|719|26345|// PRISM_RL_QLEARNING_ENGINE - Q-Learning and SARSA Implementation
engines|ai_ml|PRISM_RL_SARSA_ENGINE|84|3077|/**
engines|ai_ml|PRISM_SEARCH_ENHANCED_ENGINE|303|13705|/**
engines|ai_ml|PRISM_SEQUENCE_MODEL_ENGINE|198|7705|/**
engines|ai_ml|PRISM_SIMULATED_ANNEALING|569|21471|// PRISM_SIMULATED_ANNEALING - Simulated Annealing Optimizer
engines|ai_ml|PRISM_TRANSFORMER_ENGINE|267|12447|// PRISM_TRANSFORMER_ENGINE - Extracted from PRISM v8.89.002
engines|ai_ml|PRISM_TRUE_AI_SYSTEM|288|11819|/**
engines|ai_ml|PRISM_UNIFIED_CAD_LEARNING_SYSTEM|5389|197587|/**
engines|ai_ml|PRISM_UNIFIED_LEARNING_ENGINE|193|7586|/**
engines|ai_ml|PRISM_XAI_ENGINE|334|11909|/**
engines|business|PRISM_FINANCIAL_ENGINE|183|6704|/**
engines|business|PRISM_INVENTORY_ENGINE|159|5786|/**
engines|business|PRISM_JOB_COSTING_ENGINE|379|13956|/**
engines|business|PRISM_JOB_SHOP_SCHEDULING_ENGINE|926|39695|/**
engines|business|PRISM_JOB_TRACKING_ENGINE|246|8155|/**
engines|business|PRISM_ORDER_MANAGER|330|13090|/**
engines|business|PRISM_PURCHASING_SYSTEM|342|18007|/**
engines|business|PRISM_QUOTING_ENGINE|215|8064|/**
engines|business|PRISM_REPORTING_ENGINE|412|17922|/**
engines|business|PRISM_SCHEDULING_ENGINE|182|6024|/**
engines|business|PRISM_SUBSCRIPTION_SYSTEM|270|10523|/**
engines|cad_cam|PRISM_ADAPTIVE_CLEARING_ENGINE|437|17304|/**
engines|cad_cam|PRISM_ADAPTIVE_TESSELLATION_ENGINE_V2|218|7128|/**
engines|cad_cam|PRISM_ADVANCED_BLADE_SURFACE_ENGINE|484|17616|/**
engines|cad_cam|PRISM_ADVANCED_SWEEP_LOFT_ENGINE|511|15789|/**
engines|cad_cam|PRISM_BREP_CAD_GENERATOR_V2|1293|44927|/**
engines|cad_cam|PRISM_BREP_TESSELLATOR|724|22877|/**
engines|cad_cam|PRISM_BSPLINE_ENGINE|207|7812|/**
engines|cad_cam|PRISM_BVH_ENGINE|6562|254644|/**
engines|cad_cam|PRISM_CAD_CAM_INTEGRATION_HUB|567|27670|// PRISM_CAD_CAM_INTEGRATION_HUB - Lines 557573-558139 (567 lines) - CAD/CAM integration\n\nconst PRISM_CAD_CAM_INTEGRAT
engines|cad_cam|PRISM_CAD_CONFIDENCE_ENGINE|199|6654|/**
engines|cad_cam|PRISM_CAD_KERNEL_MIT|286|11351|// PRISM_CAD_KERNEL_MIT - Lines 789641-789926 (286 lines) - CAD kernel\n\nconst PRISM_CAD_KERNEL_MIT = {
engines|cad_cam|PRISM_CAD_MATH|157|7949|// PRISM_CAD_MATH - Lines 749756-749912 (157 lines) - CAD math operations\n\nconst PRISM_CAD_MATH = {
engines|cad_cam|PRISM_CAD_QUALITY_ASSURANCE_ENGINE|335|9993|/**
engines|cad_cam|PRISM_CAM_KERNEL_COMPLETE|1237|41769|/**
engines|cad_cam|PRISM_CAM_KERNEL_MIT|176|6535|// PRISM_CAM_KERNEL_MIT - Lines 790205-790380 (176 lines) - CAM kernel\n\nconst PRISM_CAM_KERNEL_MIT = {
engines|cad_cam|PRISM_CAM_TOOLPATH_PARAMETERS_ENGINE|162|5976|/**
engines|cad_cam|PRISM_CLIPPER2_ENGINE|1317|49419|/**
engines|cad_cam|PRISM_CONSTRUCTION_GEOMETRY_ENGINE|461|13575|/**
engines|cad_cam|PRISM_CURVATURE_ANALYSIS_ENGINE|319|11401|/**
engines|cad_cam|PRISM_ENHANCED_MILL_TURN_CAM_ENGINE|436|14579|/**
engines|cad_cam|PRISM_ENHANCED_TOOLPATH_GENERATOR|390|13561|/**
engines|cad_cam|PRISM_FEATURE_HISTORY_MANAGER|492|15228|/**
engines|cad_cam|PRISM_FEATURE_INTERACTION_ENGINE|879|33541|/**
engines|cad_cam|PRISM_FEATURE_RECOGNITION_ENHANCED|304|10751|// PRISM_FEATURE_RECOGNITION_ENHANCED - Lines 923737-924040 (304 lines) - Feature recognition\n\nconst PRISM_FEATURE_REC
engines|cad_cam|PRISM_FILLETING_ENGINE|408|12820|/**
engines|cad_cam|PRISM_FUSION_SKETCH_CONSTRAINT_ENGINE|385|14952|/**
engines|cad_cam|PRISM_GEODESIC_DISTANCE_ENGINE|4050|165046|/**
engines|cad_cam|PRISM_GEOMETRY_ALGORITHMS|386|14416|// PRISM_GEOMETRY_ALGORITHMS - Lines 733459-733844 (386 lines) - Geometry algorithms\n\nconst PRISM_GEOMETRY_ALGORITHMS 
engines|cad_cam|PRISM_INTELLIGENT_COLLISION_SYSTEM|153|5190|/**
engines|cad_cam|PRISM_ISOSURFACE_ENGINE|227|9907|/**
engines|cad_cam|PRISM_LATHE_TOOLPATH_ENGINE|555|14327|/**
engines|cad_cam|PRISM_MESH_DECIMATION_ENGINE|466|15144|/**
engines|cad_cam|PRISM_MOTION_PLANNING_ENHANCED_ENGINE|344|14639|/**
engines|cad_cam|PRISM_MULTIAXIS_TOOLPATH_ENGINE|668|26950|/**
engines|cad_cam|PRISM_NURBS_ADVANCED_ENGINE|139|5903|/**
engines|cad_cam|PRISM_NURBS_LIBRARY|237|9939|/**
engines|cad_cam|PRISM_OFFSET_SURFACE_ENGINE|121|5421|/**
engines|cad_cam|PRISM_PARAMETRIC_CAD_ENHANCEMENT_ENGINE|266|8481|/**
engines|cad_cam|PRISM_REAL_CAD_PRIORITY_SYSTEM|80|3105|/**
engines|cad_cam|PRISM_REAL_TOOLPATH_ENGINE|14|671|/**
engines|cad_cam|PRISM_REST_MACHINING_ENGINE|621|24969|/**
engines|cad_cam|PRISM_SIEMENS_5AXIS_CAM_ENGINE|295|10010|/**
engines|cad_cam|PRISM_SILHOUETTE_ENGINE|248|9280|/**
engines|cad_cam|PRISM_SKETCH_ENGINE|681|20460|/**
engines|cad_cam|PRISM_SOLID_EDITING_ENGINE|550|16457|/**
engines|cad_cam|PRISM_SURFACE_INTERSECTION_ENGINE|126|5660|/**
engines|cad_cam|PRISM_SURFACE_RECONSTRUCTION_ENGINE|588|20252|/**
engines|cad_cam|PRISM_TOOLPATH_OPTIMIZATION|214|8340|// PRISM_TOOLPATH_OPTIMIZATION - Lines 537498-537711 (214 lines) - Toolpath optimization\n\nconst PRISM_TOOLPATH_OPTIMIZ
engines|cad_cam|PRISM_TOOLPATH_STRATEGIES_COMPLETE|1048|23622|// PRISM_TOOLPATH_STRATEGIES_COMPLETE - Lines 709235-710282 (1048 lines) - Toolpath strategies\n\nconst PRISM_TOOLPATH_S
engines|cad_cam|PRISM_TOPOLOGY_ENGINE|911|33838|/**
engines|cad_cam|PRISM_UNIFIED_3D_VIEWPORT_ENGINE|935|31540|/**
engines|cad_cam|PRISM_UNIFIED_TOOLPATH_DECISION_ENGINE|347|12661|/**
engines|cad_cam|PRISM_V858_CAD_SYSTEM|66|2719|/**
engines|cad_cam|PRISM_VORONOI_ENGINE|119|4042|/**
engines|cad_cam|PRISM_VOXEL_STOCK_ENGINE|495|15906|/**
engines|cad_complete|PRISM_COMPLETE_CAD_CAM_ENGINE|308|12930|// PRISM_COMPLETE_CAD_CAM_ENGINE - Lines 91485-91792 (308 lines) - Complete CAD/CAM\n\nconst PRISM_COMPLETE_CAD_CAM_ENGI
engines|cad_complete|PRISM_COMPLETE_CAD_GENERATION_ENGINE|2914|101029|// PRISM_COMPLETE_CAD_GENERATION_ENGINE - Lines 78175-81088 (2914 lines) - Complete CAD generation\n\nconst PRISM_COMPLE
engines|cad_complete|PRISM_COMPLETE_FEATURE_ENGINE|496|16356|// PRISM_COMPLETE_FEATURE_ENGINE - Lines 74118-74613 (496 lines) - Complete feature engine\n\nconst PRISM_COMPLETE_FEATU
engines|cad_complete|PRISM_FEATURE_STRATEGY_COMPLETE|1458|33028|// PRISM_FEATURE_STRATEGY_COMPLETE - Lines 704947-706404 (1458 lines) - Feature strategy complete\n\nconst PRISM_FEATURE
engines|core|PRISM_ENHANCED_ORCHESTRATION_ENGINE|452|16219|/**
engines|core|PRISM_FAILSAFE_GENERATOR|169|5027|/**
engines|core|PRISM_INTERVAL_ENGINE|847|27446|/**
engines|core|PRISM_NUMERICAL_ENGINE|19|1056|/**
engines|core|PRISM_UNIFIED_OUTPUT_ENGINE|195|7867|/**
engines|infrastructure|PRISM_DB_MANAGER|258|10715|/**
engines|infrastructure|PRISM_EVENT_MANAGER|106|2937|/**
engines|machines|PRISM_HIGH_FIDELITY_MACHINE_GENERATOR|402|13446|/**
engines|machines|PRISM_MACHINE_3D_SYSTEM|545|18196|/**
engines|machines|PRISM_MACHINE_RIGIDITY_SYSTEM|94|2946|/**
engines|machines|PRISM_MACHINE_SIMULATION_ENGINE|253|8970|/**
engines|materials|PRISM_MATERIAL_SIMULATION_ENGINE|232|9912|/**
engines|materials|PRISM_REST_MATERIAL_ENGINE|234|7189|/**
engines|optimization|PRISM_ACO_SEQUENCER|758|28037|// PRISM_ACO_SEQUENCER - Lines 753244-754001 (758 lines) - Ant Colony Optimization\n\nconst PRISM_ACO_SEQUENCER = {
engines|optimization|PRISM_ADVANCED_FEED_OPTIMIZER|66|2116|/**
engines|optimization|PRISM_ADVANCED_OPTIMIZATION_ENGINE|1018|33962|/**
engines|optimization|PRISM_ADVANCED_UNCONSTRAINED_OPTIMIZER|1825|70444|/**
engines|optimization|PRISM_CALCULATOR_OPTIMIZER|147|8677|/**
engines|optimization|PRISM_COMBINATORIAL_OPTIMIZER|3938|165649|/**
engines|optimization|PRISM_CONSTRAINED_OPTIMIZER|484|18423|/**
engines|optimization|PRISM_INTERIOR_POINT_ENGINE|373|13439|/**
engines|optimization|PRISM_MFG_OPTIMIZATION|186|6566|/**
engines|optimization|PRISM_MFG_OPTIMIZATION_ADVANCED_B|198|7217|/**
engines|optimization|PRISM_MOEAD_ENGINE|425|18389|/**
engines|optimization|PRISM_MONTE_CARLO_ENGINE|348|12686|/**
engines|optimization|PRISM_MULTI_OBJECTIVE_ENGINE|377|16056|/**
engines|optimization|PRISM_MULTI_OBJECTIVE_OPTIMIZER|300|10284|/**
engines|optimization|PRISM_PHASE1_OPTIMIZERS|808|30434|// PRISM_PHASE1_OPTIMIZERS - Lines 956294-957101 (808 lines) - Phase 1 optimizers\n\nconst PRISM_PHASE1_OPTIMIZERS = {
engines|optimization|PRISM_POST_OPTIMIZER|122|6659|/**
engines|optimization|PRISM_RAPIDS_OPTIMIZER|132|4106|/**
engines|optimization|PRISM_RAPID_PATH_OPTIMIZER|325|11694|/**
engines|optimization|PRISM_ROBUST_OPTIMIZATION|256|8957|/**
engines|optimization|PRISM_SQP_INTERIOR_POINT_ENGINE|897|36402|/**
engines|optimization|PRISM_SWARM_ALGORITHMS|310|12533|// PRISM_SWARM_ALGORITHMS - Lines 767342-767651 (310 lines) - Swarm intelligence\n\nconst PRISM_SWARM_ALGORITHMS = {
engines|optimization|PRISM_SWARM_NEURAL_HYBRID|193|7095|// PRISM_SWARM_NEURAL_HYBRID - Lines 973299-973491 (193 lines) - Swarm-neural hybrid\n\nconst PRISM_SWARM_NEURAL_HYBRID 
engines|optimization|PRISM_SWARM_TOOLPATH|237|8659|// PRISM_SWARM_TOOLPATH - Lines 971760-971996 (237 lines) - Swarm toolpath\n\nconst PRISM_SWARM_TOOLPATH = {
engines|optimization|PRISM_TRUST_REGION_OPTIMIZER|374|13114|/**
engines|optimization|PRISM_UNCONSTRAINED_OPTIMIZATION|528|18929|/**
engines|physics|PRISM_AI_100_PHYSICS_GENERATOR|3675|167795|/**
engines|physics|PRISM_CALCULATOR_PHYSICS_ENGINE|350|14112|/**
engines|physics|PRISM_CONTACT_CONSTRAINT_ENGINE|447|14183|/**
engines|physics|PRISM_INVERSE_KINEMATICS_SOLVER|356|13694|/**
engines|physics|PRISM_JACOBIAN_ENGINE|236|9138|/**
engines|physics|PRISM_KINEMATIC_SOLVER|549|16975|/**
engines|physics|PRISM_LATHE_PARAM_ENGINE|650|30301|/**
engines|physics|PRISM_PHYSICS_ENGINE|2974|102992|/**
engines|physics|PRISM_UNIFIED_CUTTING_ENGINE|334|12418|/**
engines|post_processor|POST_PROCESSOR_100_PERCENT|1204|41452|// POST_PROCESSOR_100_PERCENT - Lines 340209-341412 (1204 lines) - Complete post processor\n\nconst POST_PROCESSOR_100_P
engines|post_processor|POST_PROCESSOR_ENGINE_V2|295|11226|// POST_PROCESSOR_ENGINE_V2 - Lines 547767-548061 (295 lines) - Post processor engine\n\nconst POST_PROCESSOR_ENGINE_V2 
engines|post_processor|PRISM_GCODE_BACKPLOT_ENGINE|862|28222|// PRISM_GCODE_BACKPLOT_ENGINE - Lines 320787-321648 (862 lines) - G-code backplot\n\nconst PRISM_GCODE_BACKPLOT_ENGINE 
engines|post_processor|PRISM_GCODE_PROGRAMMING_ENGINE|127|7139|// PRISM_GCODE_PROGRAMMING_ENGINE - Lines 513818-513944 (127 lines) - G-code programming\n\nconst PRISM_GCODE_PROGRAMMIN
engines|post_processor|PRISM_GUARANTEED_POST_PROCESSOR|307|17152|/**
engines|post_processor|PRISM_INTERNAL_POST_ENGINE|930|47118|/**
engines|post_processor|PRISM_POST_INTEGRATION_MODULE|676|22191|/**
engines|post_processor|PRISM_POST_OPTIMIZER|121|6641|/**
engines|post_processor|PRISM_POST_PROCESSOR_DATABASE_V2|2717|107812|// PRISM_POST_PROCESSOR_DATABASE_V2 - Lines 125991-128707 (2717 lines) - Post processor database\n\nconst PRISM_POST_PRO
engines|post_processor|PRISM_POST_PROCESSOR_ENGINE|138|4512|/**
engines|post_processor|PRISM_POST_PROCESSOR_GENERATOR|336|10501|/**
engines|post_processor|PRISM_RL_POST_PROCESSOR|172|5566|/**
engines|PRISM_ADVANCED_KINEMATICS_ENGINE.js|PRISM_ADVANCED_KINEMATICS_ENGINE|609|23380|/**
engines|PRISM_CHATTER_PREDICTION_ENGINE.js|PRISM_CHATTER_PREDICTION_ENGINE|397|16729|// PRISM_CHATTER_PREDICTION_ENGINE - Lines 953303-953699 (397 lines) - Stability lobe prediction\n\nconst PRISM_CHATTER_
engines|PRISM_CUTTING_MECHANICS_ENGINE.js|PRISM_CUTTING_MECHANICS_ENGINE|277|11192|// PRISM_CUTTING_MECHANICS_ENGINE - Lines 953734-954010 (277 lines) - Cutting mechanics\n\nconst PRISM_CUTTING_MECHANICS
engines|PRISM_CUTTING_PHYSICS.js|PRISM_CUTTING_PHYSICS|214|8121|// PRISM_CUTTING_PHYSICS - Lines 797414-797627 (214 lines) - Cutting physics\n\nconst PRISM_CUTTING_PHYSICS = {
engines|PRISM_CUTTING_THERMAL_ENGINE.js|PRISM_CUTTING_THERMAL_ENGINE|2755|112746|/**
engines|PRISM_HEAT_TRANSFER_ENGINE.js|PRISM_HEAT_TRANSFER_ENGINE|471|18853|/**
engines|PRISM_INTELLIGENT_CUTTING_PARAM_ENGINE.js|PRISM_INTELLIGENT_CUTTING_PARAM_ENGINE|705|30175|/**
engines|PRISM_JOHNSON_COOK_DATABASE.js|PRISM_JOHNSON_COOK_DATABASE|150|7951|// PRISM_JOHNSON_COOK_DATABASE - Lines 713309-713458 (150 lines) - Material constitutive model\n\nconst PRISM_JOHNSON_CO
engines|PRISM_PHASE1_SPEED_FEED_CALCULATOR.js|PRISM_PHASE1_SPEED_FEED_CALCULATOR|237|8715|// PRISM_PHASE1_SPEED_FEED_CALCULATOR - Lines 958086-958322 (237 lines) - Speed/feed calc\n\nconst PRISM_PHASE1_SPEED_FE
engines|PRISM_PHASE3_ADVANCED_SIGNAL.js|PRISM_PHASE3_ADVANCED_SIGNAL|441|15218|/**
engines|PRISM_PHASE3_MANUFACTURING_PHYSICS.js|PRISM_PHASE3_MANUFACTURING_PHYSICS|152|5587|/**
engines|PRISM_RIGID_BODY_DYNAMICS_ENGINE.js|PRISM_RIGID_BODY_DYNAMICS_ENGINE|14|621|/**
engines|PRISM_SURFACE_FINISH_ENGINE.js|PRISM_SURFACE_FINISH_ENGINE|299|11242|/**
engines|PRISM_THERMAL_EXPANSION_ENGINE.js|PRISM_THERMAL_EXPANSION_ENGINE|1563|67394|/**
engines|PRISM_THERMAL_MODELING.js|PRISM_THERMAL_MODELING|192|6720|// PRISM_THERMAL_MODELING - Lines 920798-920989 (192 lines) - Thermal analysis\n\nconst PRISM_THERMAL_MODELING = {
engines|PRISM_TOOL_LIFE_ENGINE.js|PRISM_TOOL_LIFE_ENGINE|192|8247|// PRISM_TOOL_LIFE_ENGINE - Lines 954018-954209 (192 lines) - Tool wear/life prediction\n\nconst PRISM_TOOL_LIFE_ENGINE 
engines|PRISM_VIBRATION_ANALYSIS_ENGINE.js|PRISM_VIBRATION_ANALYSIS_ENGINE|399|15943|/**
engines|quality|PRISM_INSPECTION_ENGINE|206|5828|/**
engines|quality|PRISM_PHASE2_QUALITY_SYSTEM|404|13749|/**
engines|quality|PRISM_QUALITY_MANAGER|378|14854|/**
engines|simulation|PRISM_3D_TOOLPATH_STRATEGY_ENGINE|102|4700|// PRISM_3D_TOOLPATH_STRATEGY_ENGINE - Lines 515324-515425 (102 lines) - 3D toolpath strategies\n\nconst PRISM_3D_TOOLPA
engines|simulation|PRISM_3D_VISUALIZATION_ENGINE|235|8792|// PRISM_3D_VISUALIZATION_ENGINE - Lines 538117-538351 (235 lines) - 3D visualization\n\nconst PRISM_3D_VISUALIZATION_EN
engines|simulation|PRISM_COLLISION_ALGORITHMS|284|10712|// PRISM_COLLISION_ALGORITHMS - Lines 734689-734972 (284 lines) - Collision algorithms\n\nconst PRISM_COLLISION_ALGORITH
engines|simulation|PRISM_COLLISION_DETECTION_V2|416|13767|// PRISM_COLLISION_DETECTION_V2 - Lines 521245-521660 (416 lines) - Enhanced collision detection\n\nconst PRISM_COLLISIO
engines|simulation|PRISM_COLLISION_ENGINE|304|10111|// PRISM_COLLISION_ENGINE - Lines 73167-73470 (304 lines) - Core collision detection\n\nconst PRISM_COLLISION_ENGINE = {
engines|simulation|PRISM_COLLISION_MOTION|1295|50100|// PRISM_COLLISION_MOTION - Lines 745750-747044 (1295 lines) - Motion collision analysis\n\nconst PRISM_COLLISION_MOTION
engines|simulation|PRISM_STOCK_POSITIONS_DATABASE|39|2367|// PRISM_STOCK_POSITIONS_DATABASE - Lines 25482-25520 (39 lines) - Stock positions\n\nconst PRISM_STOCK_POSITIONS_DATABA
engines|SPEED_FEED_UI.js|SPEED_FEED_UI|894|39776|// SPEED_FEED_UI - Lines 458594-459487 (894 lines) - Speed/feed UI\n\nconst SPEED_FEED_UI = {
engines|tools|PRISM_ENHANCED_LATHE_LIVE_TOOLING_ENGINE|635|17950|/**
engines|tools|PRISM_LATHE_PARAM_ENGINE|649|30283|/**
engines|tools|PRISM_PHASE1_TOOL_LIFE_MANAGER|86|2908|/**
engines|tools|PRISM_TOOL_3D_GENERATOR|440|12294|/**
engines|tools|PRISM_TOOL_GENERATOR|197|5727|/**
engines|tools|PRISM_TOOL_HOLDER_3D_GENERATOR|558|18374|/**
engines|tools|PRISM_TOOL_LIBRARY_MANAGER|169|5930|/**
engines|tools|PRISM_TOOL_NOSE_RADIUS_COMPENSATION_ENGINE|81|3113|/**
engines|tools|PRISM_TOOL_PERFORMANCE_ENGINE|1236|45367|/**
engines|vibration|PRISM_CALCULATOR_CHATTER_ENGINE|133|6995|/**
engines|vibration|PRISM_PHASE1_CHATTER_SYSTEM|42|1295|/**
formulas|PRISM_FORCE_LOOKUP.js|PRISM_FORCE_LOOKUP|51|2001|/**
formulas|PRISM_MATERIAL_PHYSICS.js|PRISM_MATERIAL_PHYSICS|54|2087|/**
formulas|PRISM_MFG_PHYSICS.js|PRISM_MFG_PHYSICS|197|6992|/**
formulas|PRISM_STANDALONE_CALCULATOR_API.js|PRISM_STANDALONE_CALCULATOR_API|304|11411|/**
formulas|PRISM_STRESS.js|PRISM_STRESS|138|4453|/**
formulas|PRISM_STRESS_ANALYSIS.js|PRISM_STRESS_ANALYSIS|254|8650|/**
formulas|PRISM_THERMAL_COMPENSATION.js|PRISM_THERMAL_COMPENSATION|205|7174|/**
formulas|PRISM_THERMAL_LOOKUP.js|PRISM_THERMAL_LOOKUP|41|1753|/**
formulas|PRISM_THERMAL_PROPERTIES.js|PRISM_THERMAL_PROPERTIES|112|5639|/**
formulas|PRISM_TOOL_LIFE_ESTIMATOR.js|PRISM_TOOL_LIFE_ESTIMATOR|133|5064|/**
formulas|PRISM_TOOL_WEAR_MODELS.js|PRISM_TOOL_WEAR_MODELS|552|21665|/**
formulas|PRISM_WEAR_LOOKUP.js|PRISM_WEAR_LOOKUP|71|3076|/**
infrastructure|PRISM_COMPARE.js|PRISM_COMPARE|2198|106956|// ═══════════════════════════════════════
infrastructure|PRISM_EVENT_BUS.js|PRISM_EVENT_BUS|154|5494|// ═══════════════════════════════════════
infrastructure|PRISM_GATEWAY.js|PRISM_GATEWAY|111|6422|// ═══════════════════════════════════════
infrastructure|PRISM_STATE_STORE.js|PRISM_STATE_STORE|221|7641|// ═══════════════════════════════════════
infrastructure|PRISM_VALIDATOR.js|PRISM_VALIDATOR|3369|141576|// ═══════════════════════════════════════
integration|PRISM_100_PERCENT_INTEGRATION.js|PRISM_100_PERCENT_INTEGRATION|187|8877|// PRISM_100_PERCENT_INTEGRATION - Lines 82068-82254 (187 lines) - 100% integration\n\nconst PRISM_100_PERCENT_INTEGRATI
integration|PRISM_AI_100_INTEGRATION.js|PRISM_AI_100_INTEGRATION|165|8843|// PRISM_AI_100_INTEGRATION - Lines 775024-775188 (165 lines) - AI 100% integration\n\nconst PRISM_AI_100_INTEGRATION = 
integration|PRISM_AI_KNOWLEDGE_INTEGRATION.js|PRISM_AI_KNOWLEDGE_INTEGRATION|120|7237|// PRISM_AI_KNOWLEDGE_INTEGRATION - Lines 773149-773268 (120 lines) - AI knowledge integration\n\nconst PRISM_AI_KNOWLED
integration|PRISM_BRIDGE.js|PRISM_BRIDGE|279|12755|// PRISM_BRIDGE - Lines 102012-102290 (279 lines) - Core bridge\n\nconst PRISM_BRIDGE = {
integration|PRISM_CAD_LEARNING_BRIDGE.js|PRISM_CAD_LEARNING_BRIDGE|304|10739|// PRISM_CAD_LEARNING_BRIDGE - Lines 508163-508466 (304 lines) - CAD learning bridge\n\nconst PRISM_CAD_LEARNING_BRIDGE 
integration|PRISM_CALCULATOR_ENHANCEMENT_BRIDGE.js|PRISM_CALCULATOR_ENHANCEMENT_BRIDGE|83|4366|// PRISM_CALCULATOR_ENHANCEMENT_BRIDGE - Lines 762665-762747 (83 lines) - Calculator enhancement\n\nconst PRISM_CALCULAT
integration|PRISM_DATABASE_HUB.js|PRISM_DATABASE_HUB|77|2918|// PRISM_DATABASE_HUB - Lines 474129-474205 (77 lines) - Database hub\n\nconst PRISM_DATABASE_HUB = {
integration|PRISM_ENHANCED_INTEGRATION.js|PRISM_ENHANCED_INTEGRATION|476|17018|// PRISM_ENHANCED_INTEGRATION - Lines 53421-53896 (476 lines) - Enhanced integration layer\n\nconst PRISM_ENHANCED_INTEG
integration|PRISM_EVENT_BRIDGE.js|PRISM_EVENT_BRIDGE|74|3225|// PRISM_EVENT_BRIDGE - Lines 60826-60899 (74 lines) - Event bridging\n\nconst PRISM_EVENT_BRIDGE = {
integration|PRISM_FINAL_INTEGRATION.js|PRISM_FINAL_INTEGRATION|136|6384|// PRISM_FINAL_INTEGRATION - Lines 76324-76459 (136 lines) - Final integration\n\nconst PRISM_FINAL_INTEGRATION = {
integration|PRISM_HIGH_PRIORITY_INTEGRATION_BRIDGE.js|PRISM_HIGH_PRIORITY_INTEGRATION_BRIDGE|59|2723|// PRISM_HIGH_PRIORITY_INTEGRATION_BRIDGE - Lines 520656-520714 (59 lines) - High priority bridge\n\nconst PRISM_HIGH_PR
integration|PRISM_KERNEL_INTEGRATION.js|PRISM_KERNEL_INTEGRATION|101|4529|// PRISM_KERNEL_INTEGRATION - Lines 322513-322613 (101 lines) - Kernel integration\n\nconst PRISM_KERNEL_INTEGRATION = {
integration|PRISM_PRODUCTION_INTEGRATION.js|PRISM_PRODUCTION_INTEGRATION|205|8506|// PRISM_PRODUCTION_INTEGRATION - Lines 74616-74820 (205 lines) - Production integration\n\nconst PRISM_PRODUCTION_INTEG
integration|PRISM_SIMULATION_INTEGRATION_BRIDGE.js|PRISM_SIMULATION_INTEGRATION_BRIDGE|402|13037|// PRISM_SIMULATION_INTEGRATION_BRIDGE - Lines 327089-327490 (402 lines) - Simulation integration\n\nconst PRISM_SIMULAT
knowledge_bases|PRISM_220_COURSES_MASTER.js|PRISM_220_COURSES_MASTER|321|14550|// PRISM_220_COURSES_MASTER - Lines 958797-959117 (321 lines) - 220 MIT courses\n\nconst PRISM_220_COURSES_MASTER = {
knowledge_bases|PRISM_AI_STRUCTURES_KB.js|PRISM_AI_STRUCTURES_KB|13|2026|// PRISM_AI_STRUCTURES_KB - Lines 811029-811041 (13 lines) - AI structures knowledge\n\nconst PRISM_AI_STRUCTURES_KB = {
knowledge_bases|PRISM_ALGORITHMS_KB.js|PRISM_ALGORITHMS_KB|2292|150566|// PRISM_ALGORITHMS_KB - Lines 810939-813230 (2292 lines) - Algorithms knowledge\n\nconst PRISM_ALGORITHMS_KB = {
knowledge_bases|PRISM_DATA_STRUCTURES_KB.js|PRISM_DATA_STRUCTURES_KB|47|12381|// PRISM_DATA_STRUCTURES_KB - Lines 810891-810937 (47 lines) - Data structures knowledge\n\nconst PRISM_DATA_STRUCTURES_
knowledge_bases|PRISM_KNOWLEDGE_AI_CONNECTOR.js|PRISM_KNOWLEDGE_AI_CONNECTOR|101|4245|// PRISM_KNOWLEDGE_AI_CONNECTOR - Lines 811320-811420 (101 lines) - Knowledge AI connector\n\nconst PRISM_KNOWLEDGE_AI_C
knowledge_bases|PRISM_KNOWLEDGE_BASE.js|PRISM_KNOWLEDGE_BASE|620|28729|// PRISM_KNOWLEDGE_BASE - Lines 101390-102009 (620 lines) - Core knowledge base\n\nconst PRISM_KNOWLEDGE_BASE = {
knowledge_bases|PRISM_KNOWLEDGE_FUSION.js|PRISM_KNOWLEDGE_FUSION|143|5784|// PRISM_KNOWLEDGE_FUSION - Lines 975261-975403 (143 lines) - Knowledge fusion engine\n\nconst PRISM_KNOWLEDGE_FUSION = 
knowledge_bases|PRISM_KNOWLEDGE_GRAPH.js|PRISM_KNOWLEDGE_GRAPH|268|10611|// PRISM_KNOWLEDGE_GRAPH - Lines 782931-783198 (268 lines) - Knowledge graph structure\n\nconst PRISM_KNOWLEDGE_GRAPH = 
knowledge_bases|PRISM_KNOWLEDGE_INTEGRATION_ROUTES.js|PRISM_KNOWLEDGE_INTEGRATION_ROUTES|138|8291|// PRISM_KNOWLEDGE_INTEGRATION_ROUTES - Lines 811172-811309 (138 lines) - Knowledge integration routes\n\nconst PRISM_KN
knowledge_bases|PRISM_MFG_STRUCTURES_KB.js|PRISM_MFG_STRUCTURES_KB|21|4998|// PRISM_MFG_STRUCTURES_KB - Lines 811007-811027 (21 lines) - Manufacturing structures\n\nconst PRISM_MFG_STRUCTURES_KB 
knowledge_bases|PRISM_SYSTEMS_KB.js|PRISM_SYSTEMS_KB|26|5926|// PRISM_SYSTEMS_KB - Lines 810980-811005 (26 lines) - Systems knowledge\n\nconst PRISM_SYSTEMS_KB = {
knowledge_bases|PRISM_UNIVERSITY_ALGORITHMS.js|PRISM_UNIVERSITY_ALGORITHMS|4935|206009|/**
learning|PRISM_LEARNING_ENGINE.js|PRISM_LEARNING_ENGINE|72|2278|// PRISM_LEARNING_ENGINE - Lines 763959-764030 (72 lines) - Core learning engine\n\nconst PRISM_LEARNING_ENGINE = {
learning|PRISM_LEARNING_ENGINE_FEEDBACK.js|PRISM_LEARNING_ENGINE_FEEDBACK|399|13466|// PRISM_LEARNING_ENGINE_FEEDBACK - Lines 362796-363194 (399 lines) - Learning feedback engine\n\nconst PRISM_LEARNING_E
learning|PRISM_LEARNING_FEEDBACK_CONNECTOR.js|PRISM_LEARNING_FEEDBACK_CONNECTOR|251|8408|// PRISM_LEARNING_FEEDBACK_CONNECTOR - Lines 496632-496882 (251 lines) - Learning feedback connector\n\nconst PRISM_LEAR
learning|PRISM_LEARNING_INTEGRATION_BRIDGE.js|PRISM_LEARNING_INTEGRATION_BRIDGE|255|10946|// PRISM_LEARNING_INTEGRATION_BRIDGE - Lines 318439-318693 (255 lines) - Learning integration bridge\n\nconst PRISM_LEAR
learning|PRISM_LEARNING_PERSISTENCE_ENGINE.js|PRISM_LEARNING_PERSISTENCE_ENGINE|135|4308|// PRISM_LEARNING_PERSISTENCE_ENGINE - Lines 493386-493520 (135 lines) - Learning persistence\n\nconst PRISM_LEARNING_PE
learning|PRISM_LEARNING_RATE_SCHEDULER_ENGINE.js|PRISM_LEARNING_RATE_SCHEDULER_ENGINE|169|5726|// PRISM_LEARNING_RATE_SCHEDULER_ENGINE - Lines 943805-943973 (169 lines) - Learning rate scheduler\n\nconst PRISM_LEARN
machines|CORE|machines_core_index|94|3355|// PRISM Machines CORE Index
machines|CORE|PRISM_LATHE_MACHINE_DB|302|15716|
machines|CORE|PRISM_LATHE_V2_MACHINE_DATABASE_V2|301|15614|
machines|CORE|PRISM_MACHINE_3D_DATABASE|62|43913|// PRISM_MACHINE_3D_DATABASE
machines|CORE|PRISM_MACHINE_3D_MODEL_DATABASE_V2|108|15838|// PRISM_MACHINE_3D_MODEL_DATABASE_V2 - 68 Integrated Machine Models
machines|CORE|PRISM_MACHINE_3D_MODEL_DATABASE_V3|2309|71111|// PRISM_MACHINE_3D_MODEL_DATABASE_V3 - 108 Integrated Machine Models
machines|CORE|PRISM_OKUMA_MACHINE_CAD_DATABASE|275|13807|// PRISM_OKUMA_MACHINE_CAD_DATABASE v1.0
machines|CORE|PRISM_POST_MACHINE_DATABASE|636|55304|// Make available globally
machines|ENHANCED|INDEX|34|1063|/**
machines|ENHANCED|INDEX|25|717|/**
machines|ENHANCED|INDEX|52|1802|/**
machines|ENHANCED|INDEX|25|735|/**
machines|ENHANCED|INDEX|25|772|/**
machines|ENHANCED|INDEX|34|1119|/**
machines|ENHANCED|PRISM_AWEA_MACHINE_DATABASE_ENHANCED_v2|202|6606|/**
machines|ENHANCED|PRISM_BROTHER_MACHINE_DATABASE_ENHANCED_v2|208|19714|/**
machines|ENHANCED|PRISM_CHIRON_MACHINE_DATABASE_ENHANCED_v2|53|3459|/**
machines|ENHANCED|PRISM_CINCINNATI_MACHINE_DATABASE_ENHANCED_v2|166|6968|/**
machines|ENHANCED|PRISM_DMG_MORI_MACHINE_DATABASE_ENHANCED_v2|1445|53485|/**
machines|ENHANCED|PRISM_DOOSAN_MACHINE_DATABASE_ENHANCED_v2|288|28756|/**
machines|ENHANCED|PRISM_FANUC_MACHINE_DATABASE_ENHANCED_v2|168|16398|/**
machines|ENHANCED|PRISM_FEELER_MACHINE_DATABASE_ENHANCED_v2|1270|41738|/**
machines|ENHANCED|PRISM_FIDIA_MACHINE_DATABASE_ENHANCED_v2|189|8389|/**
machines|ENHANCED|PRISM_GIDDINGS_MACHINE_DATABASE_ENHANCED_v2|195|8127|/**
machines|ENHANCED|PRISM_GROB_MACHINE_DATABASE_ENHANCED_v2|173|15336|/**
machines|ENHANCED|PRISM_HAAS_MACHINE_DATABASE_ENHANCED_v2|1035|40851|/**
machines|ENHANCED|PRISM_HAAS_MACHINE_DATABASE_ENHANCED_v3|1729|102678|/**
machines|ENHANCED|PRISM_HARDINGE_MACHINE_DATABASE_ENHANCED_v2|188|17751|/**
machines|ENHANCED|PRISM_HERMLE_MACHINE_DATABASE_ENHANCED_v2|501|35775|/**
machines|ENHANCED|PRISM_HURCO_MACHINE_DATABASE_ENHANCED_v2|227|21963|/**
machines|ENHANCED|PRISM_HYUNDAI_WIA_MACHINE_DATABASE_ENHANCED_v2|218|21569|/**
machines|ENHANCED|PRISM_KERN_MACHINE_DATABASE_ENHANCED_v2|159|14185|/**
machines|ENHANCED|PRISM_KITAMURA_MACHINE_DATABASE_ENHANCED_v2|187|18656|/**
machines|ENHANCED|PRISM_LEADWELL_MACHINE_DATABASE_ENHANCED_v2|172|16376|/**
machines|ENHANCED|PRISM_MACHINES_MASTER_INDEX|276|11714|/**
machines|ENHANCED|PRISM_MAKINO_MACHINE_DATABASE_ENHANCED_v2|811|33245|/**
machines|ENHANCED|PRISM_MATSUURA_MACHINE_DATABASE_ENHANCED_v2|190|17770|/**
machines|ENHANCED|PRISM_MAZAK_MACHINE_DATABASE_ENHANCED_v2|262|31570|/**
machines|ENHANCED|PRISM_MHI_MACHINE_DATABASE_ENHANCED_v2|280|10374|/**
machines|ENHANCED|PRISM_MIKRON_MACHINE_DATABASE_ENHANCED_v2|197|17990|/**
machines|ENHANCED|PRISM_OKK_MACHINE_DATABASE_ENHANCED_v2|172|15768|/**
machines|ENHANCED|PRISM_OKUMA_MACHINE_DATABASE_ENHANCED_v2|255|26760|/**
machines|ENHANCED|PRISM_ROKU_ROKU_MACHINE_DATABASE_ENHANCED_v2|995|33740|/**
machines|ENHANCED|PRISM_SODICK_MACHINE_DATABASE_ENHANCED_v2|136|12654|/**
machines|ENHANCED|PRISM_SORALUCE_MACHINE_DATABASE_ENHANCED_v2|219|10412|/**
machines|ENHANCED|PRISM_SPINNER_MACHINE_DATABASE_ENHANCED_v2|170|16025|/**
machines|ENHANCED|PRISM_TAKUMI_MACHINE_DATABASE_ENHANCED_v2|939|31489|/**
machines|ENHANCED|PRISM_TOYODA_MACHINE_DATABASE_ENHANCED_v2|170|15815|/**
machines|ENHANCED|PRISM_YASDA_MACHINE_DATABASE_ENHANCED_v2|150|13816|/**
machines|LEVEL5|PRISM_HAAS_CAD_MAPPING|146|14196|/**
machines|LEVEL5|PRISM_HAAS_LEVEL5_COMPLETE|967|74964|/**
machines|LEVEL5|PRISM_HAAS_NEW_MACHINES_LEVEL5|1020|55995|/**
machines|PRISM_MACHINE_3D_MODELS.js|PRISM_MACHINE_3D_MODELS|140|5138|/**
machines|PRISM_MACHINE_3D_MODEL_DATABASE_V3.js|PRISM_MACHINE_3D_MODEL_DATABASE_V3|2295|72941|// PRISM_MACHINE_3D_MODEL_DATABASE_V3 - Lines 54613-56907 (2295 lines) - 3D machine models\n\nconst PRISM_MACHINE_3D_MOD
machines|PRISM_MACHINE_KINEMATICS_ENGINE.js|PRISM_MACHINE_KINEMATICS_ENGINE|380|13917|// PRISM_MACHINE_KINEMATICS_ENGINE - Lines 521896-522275 (380 lines) - Kinematics\n\nconst PRISM_MACHINE_KINEMATICS_ENGI
machines|PRISM_MACHINE_SPEC_STANDARD.js|PRISM_MACHINE_SPEC_STANDARD|124|4986|// PRISM_MACHINE_SPEC_STANDARD - Lines 535294-535417 (124 lines) - Machine specs\n\nconst PRISM_MACHINE_SPEC_STANDARD = 
materials|EXOTIC_MATERIALS_DATABASE.js|EXOTIC_MATERIALS_DATABASE|560|21667|// EXOTIC_MATERIALS_DATABASE - Lines 568721-569280 (560 lines) - Superalloys/titanium\n\nconst EXOTIC_MATERIALS_DATABASE
materials|K_CAST_IRON|ductile_cast_irons_016_035|1636|60753|: 12, max: 68 }
materials|K_CAST_IRON|gray_cast_irons_001_015|2930|118314|/**
materials|K_CAST_IRON|special_cast_irons_036_060|4874|184248|/**
materials|M_STAINLESS|stainless_conditions_generated|11197|403686|/**
materials|M_STAINLESS|stainless_steels_001_050|17796|672600|/**
materials|M_STAINLESS|stainless_steels_051_100|18242|686003|/**
materials|N_NONFERROUS|aluminum_2xxx_011_030|1848|69149|/**
materials|N_NONFERROUS|aluminum_2xxx_021_030|1219|61942|/**
materials|N_NONFERROUS|aluminum_6xxx_031_050|649|33096|.0 },
materials|N_NONFERROUS|aluminum_6xxx_045_050|375|21654|/**
materials|N_NONFERROUS|aluminum_6xxx_generated|2243|68062|/**
materials|N_NONFERROUS|aluminum_7xxx_051_070|2390|122162|/**
materials|N_NONFERROUS|aluminum_7xxx_generated|4260|129184|/**
materials|N_NONFERROUS|aluminum_alloys_001_010|2164|106835|/**
materials|N_NONFERROUS|aluminum_cast_071_090|2428|123744|/**
materials|N_NONFERROUS|aluminum_cast_generated|1119|36029|/**
materials|N_NONFERROUS|aluminum_temper_conditions|15595|593502|/**
materials|N_NONFERROUS|aluminum_wrought_011_050|1852|70273|/**
materials|N_NONFERROUS|aluminum_wrought_generated|2277|74053|/**
materials|N_NONFERROUS|copper_alloys_generated|2933|94144|/**
materials|N_NONFERROUS|copper_temper_conditions|8585|331460|/**
materials|N_NONFERROUS|magnesium_alloys_generated|1447|46188|/**
materials|N_NONFERROUS|titanium_alloys_generated|1714|54934|/**
materials|N_NONFERROUS|zinc_alloys_generated|1146|36596|/**
materials|PRISM_ENHANCED_MATERIAL_DATABASE.js|PRISM_ENHANCED_MATERIAL_DATABASE|252|9514|// PRISM_ENHANCED_MATERIAL_DATABASE - Lines 540265-540516 (252 lines) - Enhanced materials\n\nconst PRISM_ENHANCED_MATER
materials|PRISM_MATERIALS_COMPLETE.js|PRISM_MATERIALS_COMPLETE|1293|27002|// PRISM_MATERIALS_COMPLETE - Lines 707934-709226 (1293 lines) - Complete materials DB\n\nconst PRISM_MATERIALS_COMPLETE
materials|P_STEELS|alloy_steels_065_100|13126|495970|/**
materials|P_STEELS|carbon_alloy_steel_conditions|29941|1088845|/**
materials|P_STEELS|carbon_steels_001_010|1440|68656|/**
materials|P_STEELS|carbon_steels_011_020|2238|87125|/**
materials|P_STEELS|carbon_steels_021_030|2011|85427|/**
materials|P_STEELS|carbon_steels_031_040|1264|78826|/**
materials|P_STEELS|carbon_steels_041_050|797|74558|/**
materials|P_STEELS|free_machining_steels_051_064|5210|201911|/**
materials|P_STEELS|steels_151_200|15911|587346|/**
materials|P_STEELS|steels_201_250|8960|322475|/**
materials|P_STEELS|steels_251_300|7961|289655|/**
materials|P_STEELS|steels_301_350|6467|246037|/**
materials|P_STEELS|steels_351_400|6775|253773|/**
materials|P_STEELS|tool_steels_101_150|17497|664857|/**
materials|P_STEELS|tool_steels_hardness_conditions|31048|1101831|/**
materials|SCHEMA_127_PARAMETERS.js|SCHEMA_127_PARAMETERS|417|17570|/**
materials|S_SUPERALLOYS|cobalt_superalloys_generated|1188|37985|/**
materials|S_SUPERALLOYS|nickel_superalloys_011_020|1568|97205|/**
materials|S_SUPERALLOYS|nickel_superalloys_generated|1473|46937|/**
materials_complete|M_STAINLESS|M_STAINLESS_complete|61969|2161664|/**
materials_complete|P_STEELS|P_STEELS_complete|156758|5234769|/**
materials_enhanced|M_STAINLESS|stainless_steels_001_050_enhanced|15615|549826|/**
materials_enhanced|M_STAINLESS|stainless_steels_051_100_enhanced|18594|649864|/**
materials_enhanced|P_STEELS|alloy_steels_065_100_enhanced|11549|406719|/**
materials_enhanced|P_STEELS|carbon_steels_011_020_enhanced|3148|110036|/**
materials_enhanced|P_STEELS|carbon_steels_021_030_enhanced|3149|110174|/**
materials_enhanced|P_STEELS|carbon_steels_031_040_enhanced|3144|109893|/**
materials_enhanced|P_STEELS|carbon_steels_041_050_enhanced|3149|110173|/**
materials_enhanced|P_STEELS|free_machining_steels_051_064_enhanced|4580|162327|/**
materials_enhanced|P_STEELS|steels_151_200_enhanced|19735|669013|/**
materials_enhanced|P_STEELS|steels_201_250_enhanced|11801|356583|/**
materials_enhanced|P_STEELS|steels_251_300_enhanced|9654|287288|/**
materials_enhanced|P_STEELS|steels_301_350_enhanced|4465|133459|/**
materials_enhanced|P_STEELS|steels_351_400_enhanced|4765|141044|/**
materials_enhanced|P_STEELS|tool_steels_101_150_enhanced|15315|541663|/**
materials_v9_complete|S_SUPERALLOYS|s_superalloys_batch_20260125_010013|993|27015|/**
materials_v9_complete|S_SUPERALLOYS|s_superalloys_batch_20260125_010133|1008|27349|/**
materials_v9_complete|S_SUPERALLOYS|s_superalloys_batch_20260125_010249|988|26871|/**
materials_v9_complete|S_SUPERALLOYS|s_superalloys_batch_20260125_010411|1019|27664|/**
materials_v9_complete|S_SUPERALLOYS|s_superalloys_batch_20260125_010524|983|26673|/**
materials_v9_complete|S_SUPERALLOYS|s_superalloys_batch_20260125_010641|1003|27370|/**
materials_v9_complete|S_SUPERALLOYS|s_superalloys_batch_20260125_010755|978|26593|/**
materials_v9_complete|S_SUPERALLOYS|s_superalloys_batch_20260125_010910|978|26649|/**
materials_v9_complete|S_SUPERALLOYS|s_superalloys_batch_20260125_011032|1003|27257|/**
materials_v9_complete|S_SUPERALLOYS|s_superalloys_batch_20260125_011147|993|26935|/**
materials_v9_complete|S_SUPERALLOYS|s_superalloys_batch_20260125_011312|988|26801|/**
materials_v9_complete|S_SUPERALLOYS|s_superalloys_batch_20260125_011429|998|27117|/**
materials_v9_complete|S_SUPERALLOYS|s_superalloys_batch_20260125_011545|984|26803|/**
materials_v9_complete|S_SUPERALLOYS|s_superalloys_batch_20260125_011706|999|27268|/**
materials_v9_complete|S_SUPERALLOYS|s_superalloys_batch_20260125_011827|1008|27444|/**
materials_v9_complete|S_SUPERALLOYS|s_superalloys_batch_20260125_011941|943|25578|/**
materials_v9_complete|S_SUPERALLOYS|s_superalloys_batch_20260125_012013|371|9979|/**
mit|PRISM_CAD_KERNEL_MIT.js|PRISM_CAD_KERNEL_MIT|294|11450|/**
mit|PRISM_CAM_KERNEL_MIT.js|PRISM_CAM_KERNEL_MIT|184|6633|/**
mit|PRISM_COURSE_GATEWAY_GENERATOR.js|PRISM_COURSE_GATEWAY_GENERATOR|76|2885|/**
mit|PRISM_SURFACE_GEOMETRY_MIT.js|PRISM_SURFACE_GEOMETRY_MIT|173|6275|/**
mit|PRISM_UNIVERSITY_ALGORITHMS.js|PRISM_UNIVERSITY_ALGORITHMS|4936|206032|/**
systems|PRISM_ERROR_BOUNDARY.js|PRISM_ERROR_BOUNDARY|154|5257|// PRISM_ERROR_BOUNDARY - Lines 59367-59520 (154 lines) - Error boundary\n\nconst PRISM_ERROR_BOUNDARY = {
systems|PRISM_ERROR_HANDLER.js|PRISM_ERROR_HANDLER|63|1682|// PRISM_ERROR_HANDLER - Lines 50808-50870 (63 lines) - Error handling\n\nconst PRISM_ERROR_HANDLER = {
systems|PRISM_ERROR_LOOKUP.js|PRISM_ERROR_LOOKUP|89|5489|// PRISM_ERROR_LOOKUP - Lines 11465-11553 (89 lines) - Error code lookup\n\nconst PRISM_ERROR_LOOKUP = {
systems|PRISM_UI_ADAPTER.js|PRISM_UI_ADAPTER|262|11066|// PRISM_UI_ADAPTER - Lines 58909-59170 (262 lines) - UI adapter\n\nconst PRISM_UI_ADAPTER = {
systems|PRISM_UI_BACKEND_INTEGRATOR.js|PRISM_UI_BACKEND_INTEGRATOR|293|11490|// PRISM_UI_BACKEND_INTEGRATOR - Lines 93548-93840 (293 lines) - UI backend integration\n\nconst PRISM_UI_BACKEND_INTEGR
systems|PRISM_UI_INTEGRATION_ENGINE.js|PRISM_UI_INTEGRATION_ENGINE|208|5875|// PRISM_UI_INTEGRATION_ENGINE - Lines 525065-525272 (208 lines) - UI integration engine\n\nconst PRISM_UI_INTEGRATION_E
systems|PRISM_UI_SYSTEM.js|PRISM_UI_SYSTEM|347|12241|// PRISM_UI_SYSTEM - Lines 538542-538888 (347 lines) - UI system\n\nconst PRISM_UI_SYSTEM = {
tools|PRISM_CUTTING_TOOL_DATABASE_V2.js|PRISM_CUTTING_TOOL_DATABASE_V2|1040|55736|// PRISM_CUTTING_TOOL_DATABASE_V2 - Lines 122500-123539 (1040 lines) - Cutting tools\n\nconst PRISM_CUTTING_TOOL_DATABAS
tools|PRISM_TOOL_TYPES_COMPLETE.js|PRISM_TOOL_TYPES_COMPLETE|357|6490|// PRISM_TOOL_TYPES_COMPLETE - Lines 712601-712957 (357 lines) - Tool types complete\n\nconst PRISM_TOOL_TYPES_COMPLETE 
units|PRISM_UNITS.js|PRISM_UNITS|153|7314|// ═══════════════════════════════════════
units|PRISM_UNITS_ENHANCED.js|PRISM_UNITS_ENHANCED|1189|60886|// ═══════════════════════════════════════
units|PRISM_UNIT_SYSTEM.js|PRISM_UNIT_SYSTEM|8|272|/**
workholding|PRISM_FIXTURE_DATABASE.js|PRISM_FIXTURE_DATABASE|325|13158|// PRISM_FIXTURE_DATABASE - Lines 723701-724025 (325 lines) - Fixture database\n\nconst PRISM_FIXTURE_DATABASE = {
workholding|PRISM_WORKHOLDING_DATABASE.js|PRISM_WORKHOLDING_DATABASE|259|9023|// PRISM_WORKHOLDING_DATABASE - Lines 761023-761281 (259 lines) - Workholding database\n\nconst PRISM_WORKHOLDING_DATABA
workholding|PRISM_WORKHOLDING_ENGINE.js|PRISM_WORKHOLDING_ENGINE|119|4126|// PRISM_WORKHOLDING_ENGINE - Lines 515428-515546 (119 lines) - Workholding selection\n\nconst PRISM_WORKHOLDING_ENGINE 
